packet_count,byte_count,unique_ips,unique_ports,tcp_syn_count,tcp_ack_count,tcp_fin_count,tcp_count,udp_count,icmp_count,avg_packet_size,median_packet_size,max_packet_size,min_packet_size,std_dev_packet_size,rate_of_change_packet_count,rate_of_change_byte_count,start_time
733,155020,11,58,70,370,40,407,317,5,211.48703956343792,92,3126,60,371.14499126178697,0,0,09:00:00.000
3852,696936,26,287,158,1095,68,1182,2654,9,180.92834890965733,110,3126,60,298.19587594744326,3119,541916,09:00:45.000
4028,640252,34,270,82,691,38,734,3280,6,158.95034756703078,110,2950,60,241.7193975405082,176,-56684,09:01:30.000
2273,579111,43,131,62,1157,106,1202,1065,0,254.77826660800704,90,3423,60,518.2424570402269,-1755,-61141,09:02:15.000
2292,896329,38,114,54,1255,25,1294,996,0,391.06849912739966,110,4410,60,707.3592004785044,19,317218,09:03:00.000
1773,1605270,35,45,16,1398,17,1407,366,0,905.3976311336718,160,4410,60,1124.587674936103,-519,708941,09:03:45.000
1194,285006,35,95,36,643,15,662,530,0,238.69849246231155,90,2974,60,378.8797463470867,-579,-1320264,09:04:30.000
5995,4412164,55,413,112,4421,44,4482,1507,0,735.9739783152627,123,5574,60,943.1184708358747,4801,4127158,09:05:15.000
6577,4669700,71,352,124,4769,33,4830,1747,0,710.0045613501596,110,5574,60,954.2879237242146,582,257536,09:06:00.000
6102,4458263,88,209,156,4852,82,4941,1144,12,730.6232382825303,92,23414,60,1156.5659935973524,-475,-211437,09:06:45.000
4482,3154181,96,222,142,3516,106,3591,886,2,703.7440874609549,90,23414,60,1194.8979782279148,-1620,-1304082,09:07:30.000
4186,1432906,103,298,151,2399,113,2474,1699,6,342.3091256569517,90,5814,60,622.9208290712801,-296,-1721275,09:08:15.000
2487,1052693,105,253,94,1580,62,1627,858,0,423.27824688379576,90,7354,60,713.347462399805,-1699,-380213,09:09:00.000
17690,11778630,190,1337,621,13622,252,13931,3753,0,665.8355002826455,112,5894,60,861.5479007362983,15203,10725937,09:09:45.000
29060,17274916,263,2212,1109,22337,679,22999,6059,0,594.4568479008947,95,5894,60,870.1783272968032,11370,5496286,09:10:30.000
5021,909374,214,459,129,3958,207,4039,978,0,181.11412069308903,66,5814,60,426.11213711592586,-24039,-16365542,09:11:15.000
5163,1352461,188,349,178,3941,339,4051,1106,0,261.9525469688166,66,23414,60,845.6125129489133,142,443087,09:12:00.000
7839,5043078,167,729,206,5753,260,5867,1972,0,643.3318025258324,90,5814,60,964.1852793751204,2676,3690617,09:12:45.000
3685,1206660,148,381,94,2243,150,2306,1370,6,327.45183175033924,83,23414,60,874.495918022356,-4154,-3836418,09:13:30.000
14505,10607299,163,699,342,11815,209,11995,2506,0,731.285694588073,92,23414,60,1084.9387124605341,10820,9400639,09:14:15.000
18051,15952455,151,581,250,16054,240,16186,1859,6,883.7435599135782,122,5288,60,1042.443801280915,3546,5345156,09:15:00.000
14025,10861962,151,546,254,12425,179,12561,1464,0,774.4714438502674,97,5814,60,941.7319776753412,-4026,-5090493,09:15:45.000
20800,19115750,136,445,174,19486,181,19581,1219,0,919.0264423076923,151,7354,60,1022.6886972643803,6775,8253788,09:16:30.000
57575,73934262,135,260,117,56858,86,56922,653,0,1284.1382891880157,1514,6325,60,1269.538866196093,36775,54818512,09:17:15.000
105204,136516233,107,316,169,104355,102,104442,762,0,1297.633483517737,1514,5894,60,1261.4865216976834,47629,62581971,09:18:00.000
132501,168046212,147,780,312,130264,110,130420,2081,0,1268.2637263114996,1514,7354,60,1238.4498250313206,0,0,09:18:45.000
189369,232446484,296,2025,1032,183117,484,183668,5697,0,1227.479069963933,1514,5894,60,1241.894203878231,56868,64400272,09:19:30.000
9522,8329973,147,715,240,7804,126,7923,1599,0,874.813379542113,118,5894,60,1115.3416419646367,-179847,-224116511,09:20:15.000
32454,39742880,114,314,101,32021,109,32108,346,0,1224.5911135761385,1514,8814,60,1146.4000319071413,0,0,09:21:00.000
240665,308239906,293,893,424,234809,540,235191,5474,0,1280.7841023829806,1514,8814,60,1248.6957270670537,208211,268497026,09:21:45.000
76870,101072380,177,356,74,76592,148,76684,186,0,1314.848185247821,1514,4434,60,1286.0152921338247,-163795,-207167526,09:22:30.000
186149,244184266,202,432,112,185510,224,185600,549,0,1311.7678096578547,1514,4920,60,1275.1266761414154,0,0,09:23:15.000
126990,167348408,156,247,14,126784,116,126794,196,0,1317.8077643908969,1514,4434,60,1278.2754847537535,-59159,-76835858,09:24:00.000
140714,183099952,154,510,262,139213,163,139377,1335,0,1301.2205750671576,1514,4774,60,1273.280418069571,0,0,09:24:45.000
177965,225140962,253,1132,753,174809,513,175304,2659,0,1265.0856179585874,1514,4789,60,1264.7957760785807,37251,42041010,09:25:30.000
84216,107621305,192,592,254,83075,234,83237,977,0,1277.9199320794148,1514,4434,60,1264.0997097994602,0,0,09:26:15.000
231541,298497016,265,728,262,229849,366,230027,1512,0,1289.1756362803997,1514,8814,60,1258.6371102011026,147325,190875711,09:27:00.000
30727,40305633,87,133,6,30648,28,30651,76,0,1311.733426628047,1514,4434,60,1265.702055571397,-200814,-258191383,09:27:45.000
32091,42620734,90,133,16,32029,52,32044,47,0,1328.121093141379,1514,4434,60,1288.810621573586,0,0,09:28:30.000
241050,312299622,262,872,493,239075,455,239374,1676,0,1295.580261356565,1514,5894,60,1273.82407251188,208959,269678888,09:29:15.000
79877,102750983,135,421,156,79135,120,79213,664,0,1286.365073800969,1514,4434,60,1264.762313941403,-161173,-209548639,09:30:00.000
194109,254051044,182,468,164,193225,224,193325,784,0,1308.8061037870475,1514,5894,60,1271.5994893137597,0,0,09:30:45.000
119541,155636415,148,372,110,118663,157,118744,792,0,1301.9500840715739,1514,5894,60,1266.7649049805966,-74568,-98414629,09:31:30.000
87268,102455332,236,1237,641,82655,443,82999,4267,2,1174.030939175872,1230,5894,60,1235.1523666515172,0,0,09:32:15.000
106697,131338678,264,1009,426,103356,389,103581,3114,0,1230.9500548281583,1514,5894,60,1262.0589060395955,19429,28883346,09:33:00.000
12671,7315781,232,728,365,10828,329,11052,1619,0,577.3641385841686,90,23414,60,917.952916080797,-94026,-124022897,09:33:45.000
6025,2513641,199,447,136,5113,260,5236,789,0,417.20182572614107,78,23414,60,845.1925672773574,-6646,-4802140,09:34:30.000
33740,28146967,283,1633,979,29355,574,29907,3833,0,834.2313870776526,119,6053,60,1090.2817350226533,27715,25633326,09:35:15.000
25773,10814499,343,1970,1233,20528,935,21219,4554,0,419.6057502037016,84,5814,60,681.3713339267321,-7967,-17332468,09:36:00.000
8633,2759220,295,737,217,7488,537,7745,888,0,319.61311247538515,66,5858,60,609.3439719858262,-17140,-8055279,09:36:45.000
12598,5607935,290,1259,464,9534,581,9892,2706,0,445.1448642641689,75,5814,60,807.9815331133993,3965,2848715,09:37:30.000
17009,16903003,164,320,64,16606,89,16653,356,0,993.7681815509436,112,8814,60,1103.6556292401071,4411,11295068,09:38:15.000
49351,48815181,242,764,362,47675,356,47890,1461,0,989.1426921440295,645,23414,60,1079.3368234916445,0,0,09:39:00.000
128196,181142054,288,1096,549,124070,482,124407,3788,0,1413.0086274142718,1514,23414,60,1666.1598330932775,78845,132326873,09:39:45.000
163720,256406777,249,839,512,160884,334,161160,2560,0,1566.129837527486,1514,11734,60,1827.0363056722833,35524,75264723,09:40:30.000
95774,136557505,254,897,566,93196,446,93508,2266,0,1425.8306534132437,1514,11734,60,1680.1646411223885,0,0,09:41:15.000
35694,28275271,376,1775,1091,31175,871,31791,3903,0,792.1575334790161,88,10274,60,1288.685766658515,-60080,-108282234,09:42:00.000
40669,33146073,317,1479,1285,38021,1333,38707,1962,0,815.0206053751015,90,8814,60,1068.134104565214,4975,4870802,09:42:45.000
52721,47331235,284,1673,1605,49615,1676,50464,2251,0,897.7681569014245,125,10274,60,1098.9752524047813,12052,14185162,09:43:30.000
10538,5044988,249,804,538,9258,761,9589,937,8,478.7424558739799,66,4434,60,808.2540374248503,-42183,-42286247,09:44:15.000
4302,781060,211,477,116,3182,326,3284,1009,8,181.55741515574152,76,8901,60,370.73293073554566,-6236,-4263928,09:45:00.000
46540,49570240,249,882,702,43713,720,44112,2421,0,1065.1104426299958,154,6220,60,1190.9709735992653,42238,48789180,09:45:45.000
137710,174478015,121,370,288,136736,255,136876,834,0,1266.995969791591,1514,5894,60,1236.066357642403,0,0,09:46:30.000
172530,218787068,189,785,370,170565,350,170811,1686,27,1268.1102880658436,1514,4434,60,1240.8066971570972,34820,44309053,09:47:15.000
94094,118759073,142,536,168,92586,158,92721,1316,51,1262.1322613556656,1514,5538,60,1243.703167122462,0,0,09:48:00.000
220534,287000899,164,441,153,219339,158,219441,1054,39,1301.3907107294112,1514,5894,60,1259.5653020579668,126440,168241826,09:48:45.000
25604,33217873,59,131,45,25383,22,25409,188,7,1297.3704499296985,1514,4814,60,1257.4751047288933,-194930,-253783026,09:49:30.000
43892,56324475,125,336,111,43198,26,43253,639,0,1283.2515036908776,1514,4434,60,1263.3060338507273,0,0,09:50:15.000
235620,306890442,184,454,156,234613,155,234703,917,0,1302.4804430863255,1514,5894,60,1258.129726156038,191728,250565967,09:51:00.000
79431,104301556,91,183,20,79290,71,79306,125,0,1313.1089373166649,1514,4434,60,1262.9146306199245,-156189,-202588886,09:51:45.000
180576,234706096,137,250,61,180128,143,180161,415,0,1299.763512316144,1514,6703,60,1247.4225213771178,0,0,09:52:30.000
135278,175432126,88,194,64,134787,59,134821,457,0,1296.8267271840211,1514,6703,60,1245.2589007072472,-45298,-59273970,09:53:15.000
123228,155535762,120,727,291,121035,154,121188,2040,0,1262.178741844386,1514,5538,60,1235.5596132917328,0,0,09:54:00.000
187278,242827922,137,356,177,186498,165,186595,683,0,1296.617445722402,1514,4434,60,1253.90364830503,64050,87292160,09:54:45.000
329,364424,5,5,0,326,0,326,3,0,1107.6717325227964,90,4434,60,1241.456937187481,-186949,-242463498,09:55:30.000
71974,85505059,147,775,474,70191,222,70428,1546,0,1187.999263622975,1484,5574,60,1202.6794322366009,0,0,09:56:15.000
249801,314057582,235,1131,764,246466,476,246898,2903,0,1257.2310839428185,1514,5574,60,1243.962751092738,177827,228552523,09:57:00.000
45090,57978801,117,277,54,44547,39,44576,514,0,1285.846107784431,1514,4434,60,1256.0839890200402,-204711,-256078781,09:57:45.000
25364,30994483,107,300,164,24679,13,24763,601,0,1221.9871865636335,1514,10274,60,1244.7987007967322,0,0,09:58:30.000
220690,275471506,340,1398,935,216688,672,217176,3514,0,1248.2283112057637,1514,10274,60,1245.8148588069982,195326,244477023,09:59:15.000
95725,121433968,220,498,271,94928,176,95101,624,0,1268.571094280491,1514,7354,60,1248.8284528249721,-124965,-154037538,10:00:00.000
171733,219235334,269,918,274,169765,419,169926,1807,0,1276.60574263537,1514,5694,60,1258.869650112017,0,0,10:00:45.000
142140,185392345,207,422,64,141706,189,141764,376,0,1304.29397073308,1514,4434,60,1267.7489692266404,-29593,-33842989,10:01:30.000
118795,152808307,196,514,179,117787,224,117881,911,3,1286.3193484574267,1514,4718,60,1260.9399003318188,0,0,10:02:15.000
194698,249238343,236,771,246,193118,379,193269,1429,0,1280.1279057822885,1514,4718,60,1251.8722423092865,75903,96430036,10:03:00.000
23484,30526751,68,108,16,23384,8,23392,92,0,1299.8957162323284,1514,4569,60,1252.0962566862365,-171214,-218711592,10:03:45.000
39571,51599656,93,156,20,39500,54,39511,60,0,1303.9765484824745,1514,7354,60,1262.5845976896117,0,0,10:04:30.000
237251,302457258,267,927,590,235272,354,235628,1623,0,1274.8408141588445,1514,7354,60,1249.8485607555156,197680,250857602,10:05:15.000
79862,100014675,153,584,306,78651,144,78854,1008,0,1252.3437304350005,1514,4680,60,1233.013241257589,-157389,-202442583,10:06:00.000
54232,56364047,322,1480,869,50686,688,51145,3087,0,1039.3134496238383,145,4434,60,1187.0912155512783,0,0,10:06:45.000
18728,7348384,340,1758,821,14367,738,14810,3918,0,392.3741990602307,79,4434,60,673.7514133422253,-35504,-49015663,10:07:30.000
11178,5168567,297,864,176,5724,586,5893,5285,0,462.387457505815,81,4434,60,618.0002722147226,-7550,-2179817,10:08:15.000
27800,24027487,296,1228,808,24883,441,25415,2383,2,864.2980935251799,141,5894,60,1004.3794488236526,16622,18858920,10:09:00.000
43463,28884689,404,2942,1420,34017,1042,34780,8660,18,664.581114971355,90,14210,60,939.7627270502996,15663,4857202,10:09:45.000
16777,9432690,353,1225,404,13853,647,14098,2647,32,562.2393753352804,80,14210,60,892.4077680110465,-26686,-19451999,10:10:30.000
25484,14470057,378,2040,880,19845,772,20321,5131,18,567.8094883063883,84,9238,60,912.4523025156258,8707,5037367,10:11:15.000
25889,14426358,379,2002,1023,20667,886,21204,4675,10,557.2389045540577,85,7024,60,875.0640952200825,405,-43699,10:12:00.000
73792,103307302,291,1034,522,71570,509,71852,1922,18,1399.979699696444,250,11734,60,1772.9281415836563,47903,88880944,10:12:45.000
114915,181933222,283,1346,574,110981,215,111291,3624,0,1583.1982073706654,763,13194,60,2057.8033392576212,0,0,10:13:30.000
222153,307171610,467,2842,1448,213303,880,214058,8085,4,1382.7029569710965,260,13194,60,1748.3936215884091,107238,125238388,10:14:15.000
142977,219032171,336,865,294,141452,347,141608,1365,4,1531.939899424383,1514,11734,60,1827.4355607875377,0,0,10:15:00.000
98098,145486787,463,1310,505,95482,762,95807,2275,16,1483.0759750453628,169,11734,60,1906.864209621467,-44879,-73545384,10:15:45.000
15969,6093698,481,1560,719,12830,772,13241,2710,16,381.5954662157931,74,7354,60,689.6290022402459,-82129,-139393089,10:16:30.000
31793,15284172,477,2765,1616,24781,1557,25777,6008,8,480.74016292894663,82,5894,60,771.2957627282723,15824,9190474,10:17:15.000
18894,8074043,463,1870,1050,14727,998,15320,3558,16,427.3337038213189,75,8958,60,745.1414583841678,-12899,-7210129,10:18:00.000
24423,11755997,447,1923,1230,19572,1070,20367,4044,12,481.3494247225976,80,5894,60,769.179477324656,5529,3681954,10:18:45.000
19109,9487097,368,1577,671,15470,763,15874,3211,24,496.47270919462034,85,5894,60,769.7671589107729,-5314,-2268900,10:19:30.000
18339,9698392,321,1523,592,14399,664,14769,3554,16,528.8397404438628,87,5894,60,797.0788772587332,-770,211295,10:20:15.000
6815,2600292,221,780,279,5024,255,5172,1639,4,381.55421863536316,76,5894,60,641.7239841696504,-11524,-7098100,10:21:00.000
5813,2653509,166,574,262,4710,232,4857,944,12,456.47841045931534,74,5894,60,740.9920745343509,0,0,10:21:45.000
5947,1494428,238,692,238,4527,408,4668,1267,12,251.2910711283,66,8814,60,595.8732957233569,134,-1159081,10:22:30.000
8353,3054568,222,875,395,6299,482,6519,1818,16,365.6851430623728,75,8814,60,697.1495709200171,2406,1560140,10:23:15.000
17988,12713658,242,1021,511,15135,478,15425,2531,32,706.7855236824549,90,7214,60,945.057873041322,9635,9659090,10:24:00.000
16189,7521869,282,1351,756,12538,575,12942,3219,28,464.6283896472914,84,5894,60,759.0016177216389,-1799,-5191789,10:24:45.000
22915,10418780,390,1844,1018,17418,860,17947,4946,22,454.6707396901593,85,5894,60,761.7249306294343,6726,2896911,10:25:30.000
17409,8483617,336,1452,714,13945,738,14321,3068,18,487.3121374001953,85,5894,60,801.9798664773194,-5506,-1935163,10:26:15.000
33515,19190645,438,2406,1645,27868,1276,28842,4649,24,572.5986871550052,89,6906,60,849.3068799963168,16106,10707028,10:27:00.000
28992,18536539,422,1708,1007,25638,1352,26257,2719,16,639.3673772075056,85,8449,60,886.6859601911925,-4523,-654106,10:27:45.000
20493,11484358,354,1498,949,17484,1061,18029,2458,0,560.4039428097399,87,8449,60,811.1122022529543,-8499,-7052181,10:28:30.000
36685,19234020,419,2080,1842,31963,2219,33358,3323,0,524.3020308027805,80,5894,60,769.3225160439814,16192,7749662,10:29:15.000
7650,2057514,256,781,453,6083,553,6405,1245,0,268.95607843137253,74,5894,60,532.1071671069215,-29035,-17176506,10:30:00.000
18632,13381166,233,995,676,16231,776,16709,1923,0,718.1819450407901,105,5538,60,943.5383928926148,10982,11323652,10:30:45.000
14816,10105081,176,867,509,12624,423,12954,1862,0,682.0384044276458,100,5538,60,940.4368961062576,-3816,-3276085,10:31:30.000
23578,11005531,321,1941,1440,19076,1040,19865,3713,0,466.7711850029689,78,8754,60,705.1480811094758,8762,900450,10:32:15.000
12161,3482928,278,1025,768,10533,865,10986,1175,0,286.4014472494038,66,4410,60,521.2492647459846,-11417,-7522603,10:33:00.000
21061,10470915,327,1717,1169,17356,855,18037,3024,0,497.17083709225585,78,5795,60,804.420566737164,8900,6987987,10:33:45.000
15648,6058963,276,1773,1049,11411,739,12028,3620,0,387.20366820040897,87,5795,60,624.5371738232561,-5413,-4411952,10:34:30.000
9145,4247893,274,851,236,7740,463,7888,1257,0,464.50442864953527,66,4564,60,787.9143409320304,0,0,10:35:15.000
14827,5930560,316,1108,839,12381,736,12866,1961,0,399.9838133135496,66,6310,60,714.6842635420503,5682,1682667,10:36:00.000
24263,12753804,353,1724,1133,19563,1133,20231,4023,9,525.6482710299633,85,6310,60,801.4397784709402,9436,6823244,10:36:45.000
19794,12148498,296,1021,797,17506,894,18066,1720,8,613.7464888350005,90,4795,60,817.1976270764989,-4469,-605306,10:37:30.000
13023,8075573,253,787,499,11459,497,11811,1212,0,620.1008216232818,79,5574,60,875.2963494433862,-6771,-4072925,10:38:15.000
15043,8368247,281,959,745,12882,832,13395,1648,0,556.2884398058898,74,5574,60,834.3548515538935,2020,292674,10:39:00.000
17406,12452473,235,687,552,12223,601,12722,4684,0,715.4126737906469,97,7306,60,888.6183155170226,2363,4084226,10:39:45.000
18021,11014738,207,931,779,15052,667,15620,2401,0,611.2168026191665,90,7306,60,890.180099104978,615,-1437735,10:40:30.000
15460,7725682,222,1303,786,12246,724,12757,2703,0,499.72069857697284,87,4598,60,792.5589242330265,-2561,-3289056,10:41:15.000
6816,2177252,217,597,327,5961,610,6223,593,0,319.4325117370892,66,18774,60,835.554258478094,-8644,-5548430,10:42:00.000
4524,1100521,161,460,252,3755,344,3939,585,0,243.26282051282053,66,4434,60,465.4196970099353,-2292,-1076731,10:42:45.000
5846,2582341,148,440,286,4758,357,4929,917,0,441.7278481012658,78,4434,60,654.4955340092314,1322,1481820,10:43:30.000
17018,11018846,190,756,666,15300,581,15741,1273,0,647.4818427547303,97,4434,60,824.6144443534131,11172,8436505,10:44:15.000
20854,14146078,184,1011,788,18465,591,18967,1883,0,678.3388318787762,107,8754,60,846.3715034586995,3836,3127232,10:45:00.000
16068,10441546,169,796,562,14229,565,14615,1453,0,649.8348269853125,97,8754,60,852.2531125865281,-4786,-3704532,10:45:45.000
22798,12461292,350,1546,1201,17466,653,18162,4636,0,546.5958417405036,88,5894,60,773.5129562266536,6730,2019746,10:46:30.000
12478,4882860,313,1221,685,8996,692,9412,3066,0,391.3175188331463,79,5894,60,646.0336529045708,-10320,-7578432,10:47:15.000
12410,5588546,325,1087,742,10259,699,10692,1718,0,450.32602739726025,74,5713,60,730.1412309648673,-68,705686,10:48:00.000
12381,3785253,363,1236,888,10003,930,10541,1840,0,305.73079718924157,72,4515,60,553.5698530833503,-29,-1803293,10:48:45.000
18229,9370166,324,1356,883,15387,831,15991,2238,0,514.0252345164299,77,5574,60,758.7014723910331,5848,5584913,10:49:30.000
27778,14008264,421,2296,1312,21923,1196,22850,4928,0,504.2934696522428,85,5574,60,784.4602551996147,9549,4638098,10:50:15.000
8551,4761788,274,825,285,7145,372,7307,1244,0,556.8691381125014,85,5574,60,829.0488921382106,-19227,-9246476,10:51:00.000
4203,590502,256,530,185,3737,510,3947,256,0,140.49536045681657,66,5735,60,294.5395106851282,0,0,10:51:45.000
37384,26100910,385,2010,1364,32861,1099,33676,3708,0,698.1839824523861,102,5858,60,897.0078116674267,33181,25510408,10:52:30.000
18279,6360907,357,1849,942,13476,997,14067,4212,0,347.98987909623065,74,4598,60,645.834880760386,-19105,-19740003,10:53:15.000
6095,988736,254,593,249,5344,506,5540,555,0,162.2208367514356,66,4602,60,336.322845491197,-12184,-5372171,10:54:00.000
12605,9257062,215,678,340,11505,574,11741,864,0,734.3960333201111,97,4939,60,964.9978894774365,6510,8268326,10:54:45.000
29172,19522531,269,2074,1123,23384,820,24003,5153,16,669.2215480597833,102,11330,60,922.4238265163468,16567,10265469,10:55:30.000
23593,11168280,334,2045,1018,18078,771,18626,4919,48,473.3726105200695,86,4434,60,739.0143882123439,-5579,-8354251,10:56:15.000
18469,11723400,344,1147,536,16026,499,16341,2126,2,634.7609507823921,74,10526,60,1022.1108599233976,-5124,555120,10:57:00.000
20129,11631377,370,1541,821,16350,689,16812,3317,0,577.8417705797606,83,10526,60,954.7667997795935,1660,-92023,10:57:45.000
9400,3151448,284,1000,443,7333,680,7590,1810,0,335.2604255319149,70,5538,60,622.1690257853476,-10729,-8479929,10:58:30.000
31065,18823060,443,2234,1638,25399,875,26359,4706,0,605.9249959761789,86,5994,60,849.1136829206943,21665,15671612,10:59:15.000
50543,30043569,518,2601,2132,43997,1892,45312,5231,0,594.4160220010684,85,5574,60,813.8831717453902,19478,11220509,11:00:00.000
7687,1541326,352,757,253,6699,630,6926,757,0,200.5107324053597,66,4410,60,402.94710937011297,-42856,-28502243,11:00:45.000
9268,4539031,245,570,360,8384,601,8729,539,0,489.7530211480362,73,4410,60,724.4419817358117,1581,2997705,11:01:30.000
8859,4199669,237,906,500,6802,474,7194,1665,0,474.05677841742863,85,5894,60,739.9013036174398,-409,-339362,11:02:15.000
8703,4135748,183,736,477,6993,342,7302,1401,0,475.2094679995404,75,5289,60,740.4391442207545,-156,-63921,11:03:00.000
8651,4845891,165,495,374,7765,310,8041,610,0,560.1538550456595,78,5858,60,820.4131886119469,-52,710143,11:03:45.000
10876,6666554,178,695,409,9185,467,9530,1346,0,612.960095623391,94,5858,60,903.101933304532,2225,1820663,11:04:30.000
2430,495655,122,262,129,2011,161,2097,333,0,203.97325102880657,66,5436,60,392.99755978954516,-8446,-6170899,11:05:15.000
2166,411751,112,226,119,1682,129,1770,396,0,190.09741458910435,70,5007,60,325.9460882844324,-264,-83904,11:06:00.000
6476,4863313,145,349,199,5704,147,5816,660,0,750.974830142063,132,4434,60,923.7820207605176,4310,4451562,11:06:45.000
4798,4457187,73,179,123,4422,26,4484,314,0,928.9676948728637,514,4434,60,979.6498574830049,-1678,-406126,11:07:30.000
4153,3812119,72,154,98,3948,39,4007,146,0,917.9193354201782,599,4434,60,927.8961426904792,0,0,11:08:15.000
20738,13486255,241,1023,785,17927,601,18456,2282,0,650.3160864114186,97,4434,60,858.2860103960438,16585,9674136,11:09:00.000
28646,13709086,325,1977,1902,23832,1611,24983,3663,0,478.5689450534106,77,5894,60,719.4723826299231,7908,222831,11:09:45.000
24636,9827176,368,2253,1266,18710,946,19373,5257,6,398.89495047897384,83,5894,60,646.8902055080843,-4010,-3881910,11:10:30.000
15644,5914245,364,1218,590,10075,1119,10534,5110,0,378.051968805932,78,5894,60,572.342185691142,-8992,-3912931,11:11:15.000
8865,4432771,228,602,162,4362,491,4490,4375,0,500.0305696559504,82,5894,60,629.0469463949719,-6779,-1481474,11:12:00.000
25866,17869681,272,1141,797,23193,913,23855,2011,0,690.8559885564061,108,5894,60,860.886098958053,17001,13436910,11:12:45.000
8513,5247545,190,512,255,7556,318,7728,785,0,616.4154822036885,86,5894,60,869.1333342274484,-17353,-12622136,11:13:30.000
5632,2954873,182,460,181,4834,267,4940,692,0,524.6578480113636,78,5894,60,804.3919437001508,-2881,-2292672,11:14:15.000
10005,4173009,213,849,461,8024,514,8302,1703,0,417.09235382308844,90,5894,60,697.8183026223617,4373,1218136,11:15:00.000
12711,8027970,195,608,363,11577,432,11871,840,0,631.5765872079302,97,4434,60,832.8985748386264,2706,3854961,11:15:45.000
13582,7548865,225,929,595,11610,628,12102,1476,0,555.7992195552938,87,5894,60,817.4815067039906,871,-479105,11:16:30.000
4464,826313,207,517,200,3656,399,3821,639,0,185.105958781362,66,5699,60,361.88112567830314,-9118,-6722552,11:17:15.000
3893,814839,164,343,167,3325,197,3424,469,0,209.3087593115849,85,3576,60,345.01839219200616,-571,-11474,11:18:00.000
20359,9962997,363,1490,1152,16438,681,17124,3235,0,489.3657350557493,86,8814,60,771.6027648328791,16466,9148158,11:18:45.000
18540,7875355,372,1606,1032,14442,901,15148,3365,27,424.7764293419633,77,5858,60,719.8688379234887,-1819,-2087642,11:19:30.000
16513,8692436,310,917,689,14706,936,15434,1068,11,526.3995639798947,78,4434,60,754.3718653704009,-2027,817081,11:20:15.000
16154,5321101,306,1135,1118,13571,1592,15001,1153,0,329.39835334901574,72,4434,60,583.0960003490994,-359,-3371335,11:21:00.000
21520,8843243,355,1583,1354,17242,1458,18551,2969,0,410.93136617100373,76,5574,60,685.6798831913098,5366,3522142,11:21:45.000
12138,3947258,221,871,670,10124,855,10977,1161,0,325.1983852364475,72,4832,60,585.6988544923303,-9382,-4895985,11:22:30.000
25530,12562565,259,1264,1361,22790,1741,24175,1355,0,492.0707011359185,78,4728,60,742.1807715543462,13392,8615307,11:23:15.000
2781,947224,102,196,154,2527,171,2645,136,0,340.60553757641134,103,4434,60,510.4808734332882,-22749,-11615341,11:24:00.000
9517,8132804,92,363,252,8628,179,8800,717,0,854.5554271303982,107,4832,60,1046.4495226969932,0,0,11:24:45.000
25722,13571047,291,1574,1268,21368,1228,22384,3334,0,527.6046574916414,83,4832,60,821.2855913143625,16205,5438243,11:25:30.000
8294,2720731,205,640,455,6927,593,7513,781,0,328.0360501567398,66,4434,60,614.7708880403171,-17428,-10850316,11:26:15.000
3958,1046997,189,376,167,3274,387,3491,467,0,264.5267812026276,66,4434,60,516.4638738202293,-4336,-1673734,11:27:00.000
10272,5390088,214,794,493,8398,543,8785,1487,0,524.7359813084112,95,5538,60,784.7416561509497,6314,4343091,11:27:45.000
3358,650849,150,287,98,3002,227,3095,263,0,193.82042882668256,66,3368,60,351.248794333477,-6914,-4739239,11:28:30.000
18415,10539736,281,1231,949,14858,520,15425,2990,0,572.3451534075482,92,4434,60,809.9280484866874,15057,9888887,11:29:15.000
17244,7966560,272,1358,801,13977,759,14476,2766,0,461.9902574808629,90,4434,60,722.3144751550418,-1171,-2573176,11:30:00.000
21435,10768220,351,1571,1043,17757,833,18393,3042,0,502.36622346629343,89,5894,60,768.0748451917697,4191,2801660,11:30:45.000
14188,6740332,289,1149,642,11527,583,11966,2222,0,475.07273752466875,85,4434,60,700.294078694513,-7247,-4027888,11:31:30.000
8397,3678641,255,656,338,7123,365,7371,1026,0,438.0899130641896,76,4434,60,681.2075703149742,-5791,-3061691,11:32:15.000
13789,5280022,281,987,864,11760,1050,12440,1345,0,382.9155123649286,74,4434,60,588.3213933130903,5392,1601381,11:33:00.000
20990,11154823,290,1446,1176,17366,1070,18203,2783,0,531.4351119580753,85,5538,60,801.6226562699851,7201,5874801,11:33:45.000
23092,10849024,347,1928,1115,17824,1008,18549,4507,36,469.8174259483804,86,5105,60,707.1148515116458,2102,-305799,11:34:30.000
14263,5366356,309,947,678,12631,1090,13334,920,9,376.2431466030989,66,4574,60,649.4348013126282,-8829,-5482668,11:35:15.000
11752,3035752,330,1337,820,8609,852,9326,2414,12,258.31790333560247,66,5538,60,520.4960597897979,-2511,-2330604,11:36:00.000
11129,3547131,290,879,672,9334,975,10131,998,0,318.7286368945997,66,5538,60,586.0217176379074,-623,511379,11:36:45.000
10491,2777387,237,1108,704,7804,769,8330,2152,9,264.7399675912687,72,6120,60,502.2652942006233,-638,-769744,11:37:30.000
12647,6116791,258,821,556,10975,594,11293,1354,0,483.6554914208903,74,5668,60,718.7247104802708,2156,3339404,11:38:15.000
20697,13288110,310,1288,787,17737,726,18190,2507,0,642.0307290911726,90,13194,60,913.8000783531908,8050,7171319,11:39:00.000
23365,13268808,336,1408,1034,20394,1154,20976,2386,3,567.8924887652472,78,13194,60,866.2080119478752,2668,-19302,11:39:45.000
12206,6036979,300,1036,612,10255,719,10620,1585,1,494.5911027363592,77,5894,60,817.4012681741199,-11159,-7231829,11:40:30.000
10974,8091629,228,628,355,9775,298,10000,974,0,737.3454528886459,119,6030,60,887.7222436056722,0,0,11:41:15.000
14125,8263315,312,861,387,10750,637,11031,3094,0,585.0134513274336,86,5710,60,752.3437903401361,3151,171686,11:42:00.000
12312,4322440,244,941,725,10302,987,10960,1351,1,351.0753736192333,74,6098,60,608.8634462961568,-1813,-3940875,11:42:45.000
23427,10122525,315,1635,1459,19495,1656,20817,2610,0,432.08797541298503,76,5473,60,728.138457533083,11115,5800085,11:43:30.000
13057,4097963,258,978,905,11002,1080,11840,1217,0,313.85180363023665,74,5473,60,546.7548894242394,-10370,-6024562,11:44:15.000
15773,7152072,216,1000,819,13343,824,14074,1699,0,453.4376466112978,78,4832,60,710.4950931343694,2716,3054109,11:45:00.000
11782,4637538,250,793,576,10223,818,10813,966,3,393.6121201833305,74,5574,60,668.3853442248605,-3991,-2514534,11:45:45.000
35380,20609631,365,2082,1698,30298,1447,31570,3807,3,582.5220746184285,91,5574,60,803.1506972562343,23598,15972093,11:46:30.000
19305,11862571,265,1006,624,17365,705,17906,1399,0,614.4817922817923,74,4434,60,812.7753654979714,-16075,-8747060,11:47:15.000
14877,7064544,291,1136,638,12419,735,13017,1860,0,474.8634805404315,74,7056,60,793.8604407515779,-4428,-4798027,11:48:00.000
18273,9103435,276,965,786,16829,1232,17369,900,0,498.19049964428393,74,4434,60,713.7216465334819,3396,2038891,11:48:45.000
12058,5218166,189,646,558,10901,920,11284,770,0,432.7555150107812,74,4410,60,637.5191686800191,-6215,-3885269,11:49:30.000
8351,3747644,191,542,422,7167,616,7546,805,0,448.7658962998443,78,4434,60,703.3736315021118,-3707,-1470522,11:50:15.000
14702,7636867,239,952,769,12185,780,12720,1982,0,519.4440892395593,85,4434,60,798.3907095152567,6351,3889223,11:51:00.000
15878,9625487,240,1052,633,12965,612,13319,2559,0,606.2153293865726,92,5574,60,884.9676046138517,1176,1988620,11:51:45.000
16877,12861770,243,796,537,15135,515,15483,1394,0,762.0886413462108,95,5574,60,986.0321347224187,999,3236283,11:52:30.000
21533,12507304,296,1382,907,18272,568,18870,2663,0,580.8435424696977,85,5538,60,878.3058001207163,4656,-354466,11:53:15.000
24759,13842281,434,1589,1106,21068,1156,21919,2840,0,559.0807787067329,78,5538,60,871.1938064217749,3226,1334977,11:54:00.000
18095,9203247,372,1289,818,15146,965,15789,2306,0,508.60718430505665,75,4434,60,814.4181053938049,-6664,-4639034,11:54:45.000
12825,6220716,243,760,549,11461,842,11917,908,0,485.04608187134505,76,4434,60,690.1044520067495,-5270,-2982531,11:55:30.000
4577,2024217,130,344,219,4018,279,4191,386,0,442.2584662442648,78,4434,60,663.8764022631296,-8248,-4196499,11:56:15.000
12760,7800647,163,635,619,11714,704,12090,670,0,611.3359717868339,85,4434,60,800.8128824041753,0,0,11:57:00.000
38158,22739422,302,1781,1614,33567,1763,34863,3289,6,595.9280360605902,86,5558,60,804.6217714190288,25398,14938775,11:57:45.000
9276,2155227,233,752,516,8026,826,8500,776,0,232.34443725743856,66,5558,60,437.14499038401743,-28882,-20584195,11:58:30.000
11329,5205600,216,789,561,9556,647,10117,1212,0,459.4933356871745,74,4711,60,781.0458880861049,2053,3050373,11:59:15.000
9495,4868092,198,638,460,8065,463,8498,997,0,512.7005792522381,77,4711,60,830.7377305827761,-1834,-337508,12:00:00.000
21684,12315591,332,1661,898,16268,786,16791,4893,0,567.957526286663,95,5538,60,819.7478213932442,12189,7447499,12:00:45.000
17885,7920610,332,1187,841,14743,1120,15213,2672,0,442.86329326251047,81,4434,60,678.6654815343281,-3799,-4394981,12:01:30.000
32603,19978966,297,1462,1295,29009,1176,29826,2777,0,612.7953255835353,92,5894,60,808.9215619592583,14718,12058356,12:02:15.000
23918,11824950,267,1344,887,20794,865,21330,2582,6,494.39543440086965,92,4434,60,697.6998153645734,-8685,-8154016,12:03:00.000
18828,10644619,267,852,608,17365,684,17821,1007,0,565.3611111111111,91,4434,60,765.5733665377668,-5090,-1180331,12:03:45.000
23138,16211786,254,944,601,19785,655,20212,2922,0,700.6563229319734,112,4434,60,786.189481056932,4310,5567167,12:04:30.000
18828,9070756,299,1168,1075,16186,1371,16985,1839,0,481.76949224559166,78,4434,60,712.0245447945518,-4310,-7141030,12:05:15.000
18455,10658462,187,823,879,16631,1217,17416,1039,0,577.5379030073151,89,5538,60,792.9064283576404,-373,1587706,12:06:00.000
20910,10881723,231,1107,1163,18146,1122,19030,1880,0,520.4076040172166,78,6408,60,815.1961215819415,2455,223261,12:06:45.000
15546,7968368,231,936,721,13336,839,13956,1590,0,512.5670912131739,79,4881,60,832.0631700218046,-5364,-2913355,12:07:30.000
10023,2571491,204,679,664,8654,961,9370,653,0,256.5590142671855,66,4410,60,460.59666360633184,-5523,-5396877,12:08:15.000
8983,2047125,202,853,636,6775,765,7484,1499,0,227.8887899365468,74,4434,60,402.5219323636137,-1040,-524366,12:09:00.000
6988,2611013,150,514,360,5794,441,6216,772,0,373.64238694905555,78,5574,60,647.3373389608051,-1995,563888,12:09:45.000
1852,1297849,48,84,58,1696,76,1774,78,0,700.7823974082073,103,5574,60,897.0683116579597,-5136,-1313164,12:10:30.000
612,685394,11,10,4,610,3,612,0,0,1119.924836601307,1484,4344,60,1162.6411633615153,0,0,12:11:15.000
3802,1425250,90,231,222,3339,291,3572,230,0,374.86849026827986,76,4344,60,680.5938116187772,3190,739856,12:12:00.000
14247,6553993,212,951,797,11334,650,11817,2430,0,460.02618095037553,92,4502,60,706.1831945287998,10445,5128743,12:12:45.000
23278,11747625,308,1403,1316,19118,1246,19971,3307,0,504.66642323223647,86,4502,60,787.1562441425559,9031,5193632,12:13:30.000
21663,10819524,328,1454,1231,17266,1225,17993,3670,0,499.4471679822739,85,8574,60,793.2985860896082,-1615,-928101,12:14:15.000
11555,8508878,203,497,304,8586,403,8791,2764,0,736.3806144526179,107,8574,60,885.7622459709671,-10108,-2310646,12:15:00.000
19640,13205634,200,780,632,15544,650,16042,3595,3,672.3846232179226,106,4786,60,816.8888877420272,8085,4696756,12:15:45.000
24347,14367828,240,1246,1019,20910,1102,21769,2576,0,590.1272436029079,86,4787,60,838.2622526477103,4707,1162194,12:16:30.000
14015,4384665,235,971,994,12097,1336,12867,1146,0,312.8551551908669,66,4434,60,576.2454589551514,-10332,-9983163,12:17:15.000
13959,4087577,194,931,973,12056,1296,12807,1152,0,292.8273515294792,66,4434,60,552.7531682782949,-56,-297088,12:18:00.000
11202,4492664,226,981,734,8859,676,9436,1766,0,401.05909658989464,81,4434,60,671.5173536320926,-2757,405087,12:18:45.000
27348,13128812,329,2021,1747,22295,1273,23491,3857,0,480.06479450051194,82,5443,60,727.7372814392728,16146,8636148,12:19:30.000
17022,5511495,313,1260,882,14348,1121,15170,1852,0,323.78657032076137,66,5443,60,571.7878939783757,-10326,-7617317,12:20:15.000
15245,5925497,291,1089,718,12750,1007,13517,1724,0,388.68461790751064,66,5894,60,698.5148412969453,-1777,414002,12:21:00.000
16190,8868942,218,1028,608,13845,763,14497,1689,0,547.8037059913527,86,4434,60,761.3618635217432,945,2943445,12:21:45.000
13717,5155980,264,1116,765,10703,901,11271,2437,9,375.8824815921849,81,4668,60,641.6817796594527,-2473,-3712962,12:22:30.000
36325,25913334,315,1394,1365,32023,1414,32943,3382,0,713.3746455609084,96,10202,60,919.473486468427,22608,20757354,12:23:15.000
31655,18369618,282,1258,1383,28000,1619,28882,2773,0,580.3069973148002,81,4638,60,802.9701575066557,-4670,-7543716,12:24:00.000
8865,4249481,162,557,438,7878,473,8167,698,0,479.35487873660463,78,4787,60,759.1480209523755,-22790,-14120137,12:24:45.000
9970,4872903,145,531,481,8907,752,9411,559,0,488.7565697091274,78,4787,60,767.7675289794125,1105,623422,12:25:30.000
975,392071,53,98,47,847,90,921,54,0,402.12410256410254,72,4434,60,705.8433588004203,-8995,-4480832,12:26:15.000
723,138750,37,65,38,582,66,636,87,0,191.90871369294607,78,2668,60,307.17097562159245,0,0,12:27:00.000
6946,2324961,116,429,388,5439,474,5785,1161,0,334.71940685286495,80,4434,60,554.7763195870347,6223,2186211,12:27:45.000
15437,7127839,227,1093,880,12313,918,12972,2462,3,461.73731942734986,86,5538,60,691.0140122210684,8491,4802878,12:28:30.000
15375,6331412,243,907,790,13110,944,13839,1536,0,411.79915447154474,78,5538,60,606.8779270394615,-62,-796427,12:29:15.000
25879,12547415,319,1663,1280,20841,1167,21826,4053,0,484.8492986591445,83,4450,60,727.1333193496916,10504,6216003,12:30:00.000
18554,8939225,312,1263,816,15826,1155,16604,1935,15,481.7950307211383,72,4787,60,810.5143250667578,-7325,-3608190,12:30:45.000
14261,7110072,241,857,589,12132,812,12789,1428,40,498.56756188205594,72,4787,60,834.946042266533,-4293,-1829153,12:31:30.000
18885,9687189,277,1298,1025,15732,1053,16719,2166,0,512.9567911040508,83,5858,60,802.0779698203866,4624,2577117,12:32:15.000
23633,10994841,312,1451,1317,19938,1287,21046,2587,0,465.23255617145514,80,5858,60,711.6766455176737,4748,1307652,12:33:00.000
17055,7141970,266,1047,852,14748,993,15503,1552,0,418.76106713573733,74,4622,60,685.0456359023059,-6578,-3852871,12:33:45.000
16624,5837375,282,1175,955,13495,1049,14268,2356,0,351.1414220404235,75,5574,60,593.8184015873903,-431,-1304595,12:34:30.000
15489,5175916,297,1088,948,11128,1097,11967,3522,0,334.16721544321774,79,4260,60,529.9561611676107,-1135,-661459,12:35:15.000
11626,4657161,190,708,628,9534,735,10232,1394,0,400.5815413727851,76,4625,60,697.7676620734977,-3863,-518755,12:36:00.000
20089,10562460,214,1064,1188,17178,1145,18307,1782,0,525.7832644730947,78,4787,60,799.8723520024597,8463,5905299,12:36:45.000
17138,7434276,260,1386,992,13361,704,14205,2921,0,433.78900688528415,84,5002,60,696.6312292006282,-2951,-3128184,12:37:30.000
15954,7265905,256,1094,728,12764,764,13410,2540,0,455.428419205215,74,4434,60,751.2328973341424,-1184,-168371,12:38:15.000
9723,2327809,245,795,669,8233,938,8864,859,0,239.41262984675512,66,4434,60,455.75100500050513,-6231,-4938096,12:39:00.000
11206,5291812,178,648,519,9846,790,10342,864,0,472.23023380331966,74,4434,60,725.3041435564019,1483,2964003,12:39:45.000
7203,2333786,149,450,408,5376,553,5812,1391,0,324.00194363459667,78,4434,60,541.3328263911177,-4003,-2958026,12:40:30.000
7406,2196531,170,508,493,6338,685,6805,601,0,296.58803672697815,72,4188,60,495.2534737426165,203,-137255,12:41:15.000
7337,2725646,153,445,488,6380,636,6852,485,0,371.49325337331334,74,4434,60,591.6780605557872,-69,529115,12:42:00.000
15708,7894259,167,923,999,13589,1054,14406,1302,0,502.56296154825566,74,5858,60,766.5976183767234,8371,5168613,12:42:45.000
4393,1850069,104,307,301,3892,364,4160,233,0,421.1402230821762,74,5858,60,715.7916951750241,-11315,-6044190,12:43:30.000
5409,1475805,137,386,363,4621,496,5044,365,0,272.8424847476428,66,4260,60,479.31795958184796,0,0,12:44:15.000
20308,12423947,278,1277,1040,16489,941,17248,3060,0,611.7759996060665,91,10202,60,911.6076431110224,14899,10948142,12:45:00.000
19761,11929743,256,1162,963,16827,1083,17604,2157,0,603.7013815090329,86,10202,60,906.4322212022475,-547,-494204,12:45:45.000
15829,8115071,246,910,810,12659,746,13228,2601,0,512.6711099879967,80,6083,60,799.5582908526458,-3932,-3814672,12:46:30.000
11496,5605493,223,658,544,9245,752,9666,1830,0,487.6037752261656,80,12087,60,809.5931065068158,-4333,-2509578,12:47:15.000
8824,3940081,118,357,430,5727,591,6252,2572,0,446.51869900271987,81,4434,60,615.7385051480676,-2672,-1665412,12:48:00.000
6744,1852251,113,461,461,5422,544,5940,804,0,274.65169039145906,74,4434,60,487.8037163867872,-2080,-2087830,12:48:45.000
7579,2355787,134,520,545,6281,691,6856,723,0,310.83084839688615,74,4434,60,557.1344235924089,835,503536,12:49:30.000
15541,7361522,195,867,1112,13826,1344,14655,886,0,473.6839328228557,74,5894,60,727.1448196858395,7962,5005735,12:50:15.000
13029,5701651,161,653,737,10771,999,11440,1589,0,437.61232634891394,78,5894,60,648.4544657657195,-2512,-1659871,12:51:00.000
18036,8893538,191,1061,1051,14737,1107,15620,2416,0,493.0992459525394,80,5894,60,714.6746309621675,5007,3191887,12:51:45.000
12913,6064607,169,838,760,10831,742,11445,1468,0,469.651281654147,76,5699,60,714.1778293024194,-5123,-2828931,12:52:30.000
6050,1472055,132,454,388,4928,463,5386,660,0,243.31487603305786,66,5699,60,482.3225201201751,-6863,-4592552,12:53:15.000
12525,5081325,197,1031,746,9564,693,10195,2330,0,405.6946107784431,85,5894,60,671.2222021220724,6475,3609270,12:54:00.000
12254,3604970,253,924,774,9817,941,10548,1706,0,294.1872041782275,74,5018,60,520.6365371655208,-271,-1476355,12:54:45.000
13896,6519176,272,961,717,11120,786,11606,2290,0,469.1404720782959,83,4925,60,792.7283539908004,1642,2914206,12:55:30.000
12567,6919658,217,667,574,10654,730,11071,1496,0,550.6213097795815,78,4925,60,849.3917349919492,-1329,400482,12:56:15.000
9887,4702464,233,614,481,8432,777,8748,1139,0,475.62091635480937,78,5894,60,836.0791221484199,-2680,-2217194,12:57:00.000
6146,2347488,154,402,317,5324,373,5558,588,0,381.95379108363164,74,4483,60,618.8715851184552,-3741,-2354976,12:57:45.000
4359,1399067,139,371,224,3694,269,3896,463,0,320.96054140857996,66,5538,60,545.5971779782501,-1787,-948421,12:58:30.000
5861,2189333,156,441,324,4999,364,5243,618,0,373.5425695273844,78,5538,60,603.9662362879362,1502,790266,12:59:15.000
9375,3108926,217,769,688,7730,831,8284,1091,0,331.6187733333333,74,4434,60,552.6556397609356,3514,919593,13:00:00.000
12376,5393717,195,725,800,10897,1041,11554,822,0,435.8207013574661,78,4434,60,649.6376896072492,3001,2284791,13:00:45.000
9436,3956758,154,593,530,7293,650,7753,1683,0,419.3257736328953,82,11734,60,674.0573423853962,-2940,-1436959,13:01:30.000
4048,1334769,117,342,272,3183,366,3527,521,0,329.73542490118575,74,23414,60,826.7469675360511,-5388,-2621989,13:02:15.000
5692,1992621,114,360,350,4726,404,5138,554,0,350.0739634574842,90,23414,60,772.803540814394,1644,657852,13:03:00.000
5191,1468996,105,359,332,4171,401,4588,601,0,282.9890194567521,81,5894,60,520.1912952920001,-501,-523625,13:03:45.000
8220,2919011,115,558,670,6934,725,7441,779,0,355.1108272506083,74,4410,60,607.0350910018346,3029,1450015,13:04:30.000
22773,10996252,307,1563,1357,18403,995,19341,3432,0,482.86356650419356,89,5538,60,707.3078992082006,14553,8077241,13:05:15.000
13621,5227763,277,1051,842,11295,957,11892,1729,0,383.801703252331,74,5538,60,596.6166903281387,-9152,-5768489,13:06:00.000
10414,5520775,208,749,513,8972,438,9280,1134,0,530.1301133090071,92,5894,60,781.9890299554503,-3207,293012,13:06:45.000
4212,1154392,157,383,137,2838,236,2926,1284,0,274.0721747388414,80,4410,60,444.9291470368331,0,0,13:07:30.000
20430,16300061,242,738,418,17938,606,18255,2173,0,797.8492902594224,79,5574,60,1106.0551531056008,16218,15145669,13:08:15.000
22957,17662451,269,905,667,20415,765,20825,2128,0,769.3710415123927,82,5587,60,1056.8756386970779,2527,1362390,13:09:00.000
8786,4243952,149,471,361,7572,452,7821,961,0,483.035738675165,92,4434,60,643.2348788376667,-14171,-13418499,13:09:45.000
7172,2765065,148,420,370,6173,562,6550,622,0,385.5361126603458,74,4434,60,600.8092771069101,-1614,-1478887,13:10:30.000
7327,2272381,175,616,597,5990,697,6475,852,0,310.13798280333015,74,4434,60,546.5203064912877,155,-492684,13:11:15.000
5188,1562975,123,373,355,4408,431,4723,465,0,301.26734772552044,78,3467,60,474.79432713740977,-2139,-709406,13:12:00.000
4203,1141376,104,295,258,3663,421,3966,237,0,271.56221746371637,66,4434,60,509.9803275096546,-985,-421599,13:12:45.000
5487,1565144,132,376,324,4018,434,4367,1120,0,285.2458538363404,78,5990,60,503.8878460786326,1284,423768,13:13:30.000
6309,1912157,139,534,387,4762,429,5190,1119,0,303.0840069741639,86,4832,60,545.6674911095151,822,347013,13:14:15.000
5244,2474344,117,349,261,4372,305,4711,533,0,471.8428680396644,86,5538,60,757.6094776456131,-1065,562187,13:15:00.000
11731,9485748,127,407,300,10649,325,10996,733,0,808.6052339953968,90,10274,60,1118.1541374988612,6487,7011404,13:15:45.000
14279,9616660,158,571,504,12197,665,12713,1562,0,673.4827368863366,82,10274,60,1021.4175608273048,2548,130912,13:16:30.000
9382,4138161,124,493,602,8412,790,8887,495,0,441.0745043700704,76,4434,60,704.418278252056,-4897,-5478499,13:17:15.000
16788,8672393,158,727,975,15458,1328,16174,614,0,516.582856802478,78,4434,60,721.4384152010995,7406,4534232,13:18:00.000
6017,2305593,117,342,361,5188,495,5570,445,0,383.17982383247465,78,4434,60,642.164397759227,-10771,-6366800,13:18:45.000
5429,2305100,108,289,300,4748,337,5071,356,0,424.59016393442624,78,4434,60,664.1975462058252,-588,-493,13:19:30.000
5723,2294963,94,354,294,4889,372,5266,457,0,401.0069893412546,74,4410,60,654.2294719310084,294,-10137,13:20:15.000
5990,2063419,109,362,408,5139,512,5598,392,0,344.4772954924875,74,4434,60,614.5631262359545,267,-231544,13:21:00.000
8965,2996735,187,747,706,7287,838,7888,1077,0,334.27049637479087,74,5414,60,591.2914262982629,2975,933316,13:21:45.000
4840,1780213,101,376,324,4025,416,4334,506,0,367.8126033057851,74,5414,60,655.7772230939069,-4125,-1216522,13:22:30.000
2481,794456,73,182,142,2052,214,2244,237,0,320.2160419185812,72,4434,60,605.0477571836894,-2359,-985757,13:23:15.000
2792,1152101,67,196,160,2317,232,2561,231,0,412.6436246418338,78,5538,60,732.3027929197635,311,357645,13:24:00.000
3832,1682656,74,294,192,2948,182,3160,668,0,439.10647181628394,92,5538,60,703.4382345542867,1040,530555,13:24:45.000
13675,8497513,117,614,633,12248,774,12730,941,0,621.3903473491773,97,4879,60,799.9397654803673,9843,6814857,13:25:30.000
14967,9148152,166,807,683,12971,702,13575,1392,0,611.2214872719984,103,23414,60,835.735722794204,1292,650639,13:26:15.000
15678,8885368,177,787,779,13957,857,14614,1064,0,566.7411659650465,80,4583,60,770.3804611743938,711,-262784,13:27:00.000
8841,2762572,162,519,577,7973,923,8502,339,0,312.47279719488745,66,23414,60,644.8668215036577,-6837,-6122796,13:27:45.000
11947,4983884,178,744,697,10383,871,11082,865,0,417.166150498033,78,4434,60,658.0734505932925,3106,2221312,13:28:30.000
6808,2087891,138,507,368,5678,442,6075,731,0,306.6819917743831,74,4434,60,553.033399027114,-5139,-2895993,13:29:15.000
5702,1663872,129,420,293,4836,440,5240,462,0,291.8049807085233,66,5858,60,545.8259078046293,-1106,-424019,13:30:00.000
11589,5593585,173,855,579,9469,536,10040,1549,0,482.66330140650615,83,5574,60,787.5992865270327,5887,3929713,13:30:45.000
20086,8858871,280,1692,1128,15617,970,16450,3636,0,441.0470476949119,83,6087,60,737.0794731121935,8497,3265286,13:31:30.000
9835,2673783,284,814,553,8522,890,8999,836,0,271.8640569395018,66,6087,60,487.26314009098957,-10251,-6185088,13:32:15.000
4812,1211950,187,427,274,4257,473,4582,230,0,251.85993349958437,66,5894,60,490.34531735980977,-5023,-1461833,13:33:00.000
10070,5586015,111,459,532,9181,740,9631,437,0,554.7184707050645,78,4434,60,784.163019783047,5258,4374065,13:33:45.000
6826,3856485,87,353,346,6095,410,6376,448,0,564.96996777029,91,4434,60,744.2345179467058,-3244,-1729530,13:34:30.000
3708,2143622,79,179,170,3333,248,3528,180,0,578.1073354908307,91,4434,60,832.503057790137,0,0,13:35:15.000
7275,2711154,112,463,422,6183,547,6557,716,0,372.6672164948454,77,4410,60,591.149537408388,3567,567532,13:36:00.000
5454,2034240,113,321,293,4780,456,5067,385,0,372.98129812981296,74,4718,60,586.8046608153367,-1821,-676914,13:36:45.000
1985,546461,84,157,127,1723,189,1857,128,0,275.29521410579343,72,4434,60,505.8595692290731,-3469,-1487779,13:37:30.000
2840,927492,83,220,185,2367,261,2561,279,0,326.58169014084507,76,4434,60,562.9442862158389,855,381031,13:38:15.000
8488,2766396,123,509,615,7290,829,7927,561,0,325.91847313854856,74,4434,60,549.9402479734742,5648,1838904,13:39:00.000
18924,11106096,219,862,875,16904,782,17680,1244,0,586.8788839568801,84,5574,60,771.0236745259696,10436,8339700,13:39:45.000
12060,5920309,218,829,544,10149,504,10688,1372,0,490.90456053067993,74,5574,60,754.2568394539533,-6864,-5185787,13:40:30.000
11649,4862451,196,854,576,9515,673,10096,1553,0,417.4135977337111,69,4680,60,697.1509320333977,-411,-1057858,13:41:15.000
8215,4802291,161,454,188,7287,448,7569,642,0,584.5758977480219,74,5574,60,888.255782309127,-3434,-60160,13:42:00.000
9147,4859324,178,566,524,8024,676,8441,706,0,531.2478408221275,74,4991,60,833.594134229289,932,57033,13:42:45.000
3946,1452902,119,329,304,3377,344,3558,388,0,368.1961479979726,78,4434,60,639.9683615986772,-5201,-3406422,13:43:30.000
15573,9367661,127,681,773,14344,899,14763,810,0,601.532203172157,91,4434,60,787.6770178896971,11627,7914759,13:44:15.000
18055,14202840,148,698,570,16518,677,16870,1185,0,786.6430351703129,92,4434,60,1016.7229744513108,2482,4835179,13:45:00.000
3286,705851,168,364,152,2724,364,2852,434,0,214.80553864881315,66,5538,60,431.3211331294899,-14769,-13496989,13:45:45.000
6946,4482254,171,487,237,5944,381,6133,813,0,645.3000287935503,92,5538,60,931.4920030122555,3660,3776403,13:46:30.000
10554,8169319,148,566,328,9314,337,9507,1047,0,774.0495546712147,100,5538,60,1006.6159261629476,3608,3687065,13:47:15.000
5572,3858631,118,375,213,4869,268,4988,584,0,692.5037688442211,77,4434,60,997.396175818003,-4982,-4310688,13:48:00.000
2673,1401202,81,209,102,2367,139,2436,237,0,524.2057613168724,91,4410,60,834.5352779407634,-2899,-2457429,13:48:45.000
4805,2698430,122,326,232,4209,229,4402,403,0,561.5879292403746,103,5685,60,821.7998596897179,2132,1297228,13:49:30.000
15527,8020354,231,975,1000,13432,931,14171,1356,0,516.5424099954918,74,10274,60,783.2217399486885,10722,5321924,13:50:15.000
7757,2134231,216,563,385,6827,642,7223,534,0,275.13613510377724,66,4410,60,499.7252817867198,-7770,-5886123,13:51:00.000
5014,1405753,167,392,258,4511,514,4724,290,0,280.36557638611885,66,4434,60,506.6798941514434,-2743,-728478,13:51:45.000
10517,4811769,166,739,636,8875,719,9433,1084,0,457.52296282209755,78,4434,60,744.6297036897386,5503,3406016,13:52:30.000
14588,7638074,206,964,899,12313,887,13008,1580,0,523.5860981628736,78,4434,60,802.7310114211987,4071,2826305,13:53:15.000
9846,4395233,178,629,579,8541,729,9040,806,0,446.3978265285395,74,4410,60,680.5035366906369,-4742,-3242841,13:54:00.000
10776,6977890,179,691,345,9213,392,9519,1257,0,647.5399034892354,90,4410,60,840.4873968685664,930,2582657,13:54:45.000
3077,1170460,139,247,48,2747,284,2803,274,0,380.3899902502437,66,5538,60,687.1396847658547,-7699,-5807430,13:55:30.000
6525,3813479,117,433,217,5564,268,5700,825,0,584.4412260536399,83,4570,60,898.4212986347651,3448,2643019,13:56:15.000
2758,491505,61,283,118,1981,151,2042,712,0,178.21065989847716,74,2962,60,316.6029959945625,-3767,-3321974,13:57:00.000
1008,160528,45,79,46,914,82,952,56,0,159.25396825396825,66,2962,60,285.9409435504796,-1750,-330977,13:57:45.000
8587,4368936,113,730,425,6591,234,6811,1776,0,508.7849074181903,92,5894,60,789.65969055809,7579,4208408,13:58:30.000
2178,277586,103,229,87,1876,168,1942,236,0,127.44995408631772,66,2974,60,283.5039990332735,-6409,-4091350,13:59:15.000
7485,4019094,141,600,341,6122,330,6311,1174,0,536.9531062124248,86,5734,60,813.6431711497597,5307,3741508,14:00:00.000
5727,2642108,141,477,226,4987,302,5125,602,0,461.342413130784,72,5574,60,729.7488280969984,-1758,-1376986,14:00:45.000
6271,3815974,96,326,182,5641,208,5748,523,0,608.5112422261202,74,5574,60,834.9398189026789,544,1173866,14:01:30.000
15092,8488819,220,1223,724,12138,420,12546,2546,0,562.4714418234827,88,5894,60,799.7517850874515,8821,4672845,14:02:15.000
7003,3279764,180,438,155,6364,272,6467,536,0,468.3369984292446,66,5574,60,750.0244337667556,-8089,-5209055,14:03:00.000
10035,5210412,179,719,334,8409,221,8581,1454,0,519.2239162929745,86,4434,60,760.8251173422647,3032,1930648,14:03:45.000
133,19386,27,47,4,89,10,91,42,0,145.7593984962406,66,1514,60,254.06556345158043,-9902,-5191026,14:04:30.000
6030,4212467,109,360,119,5513,147,5588,442,0,698.5849087893864,102,4344,60,813.9483626042696,0,0,14:05:15.000
17432,11353282,190,959,467,15289,469,15614,1818,0,651.2896971087655,97,5743,60,830.3529818816858,11402,7140815,14:06:00.000
3610,600212,130,422,130,2997,199,3083,527,0,166.26371191135735,66,4141,60,335.55511742070104,-13822,-10753070,14:06:45.000
6776,3723867,117,486,180,5804,270,5918,858,0,549.5671487603306,82,5538,60,830.252243594674,3166,3123655,14:07:30.000
6209,3634228,100,396,159,5296,261,5425,784,0,585.3161539700435,94,9642,60,873.9903968492868,-567,-89639,14:08:15.000
9384,5635743,140,721,411,7655,234,7932,1452,0,600.5693734015346,95,4434,60,852.3410900859419,3175,2001515,14:09:00.000
22007,16479698,167,1098,663,19083,347,19476,2531,0,748.8389148907166,97,4786,60,976.7420201208905,12623,10843955,14:09:45.000
6092,1930293,140,408,120,5398,184,5464,628,0,316.85702560735393,66,4434,60,531.9761268626168,-15915,-14549405,14:10:30.000
15724,8417456,197,1023,625,13364,550,13986,1738,0,535.3253625031798,88,4410,60,758.5148155130205,9632,6487163,14:11:15.000
5693,1694334,149,444,158,4953,272,5128,565,0,297.61707359915687,66,4410,60,539.775220312227,-10031,-6723122,14:12:00.000
5142,1748304,138,434,140,4278,226,4445,697,0,340.00466744457407,66,4434,60,588.2106468351153,-551,53970,14:12:45.000
18737,10740949,210,1389,825,15089,593,15582,3151,0,573.2480653252923,89,5574,60,854.999295386177,13595,8992645,14:13:30.000
23097,13904614,255,1522,751,19156,598,19666,3427,0,602.0095250465429,85,5574,60,856.5920120130972,4360,3163665,14:14:15.000
5011,807063,169,445,113,4611,273,4687,324,0,161.05827180203553,66,3174,60,316.5375745744529,-18086,-13097551,14:15:00.000
11815,4681907,211,989,505,9722,597,10134,1681,0,396.26804909013964,74,8433,60,694.2184602815719,6804,3874844,14:15:45.000
10296,5829065,184,876,320,8559,494,8789,1507,0,566.1485042735043,78,4995,60,885.5264106093341,-1519,1147158,14:16:30.000
17076,10234319,197,1201,616,14222,513,14590,2486,0,599.3393651909112,92,4452,60,858.3068031333836,6780,4405254,14:17:15.000
24765,12848209,247,2254,1088,18141,590,18791,5974,0,518.8051282051282,97,5685,60,766.1236856395828,7689,2613890,14:18:00.000
18802,7626249,234,1875,788,13476,593,13986,4816,0,405.60839272417826,88,4774,60,660.7913616049614,-5963,-5221960,14:18:45.000
14215,6210311,237,1326,544,10842,519,11216,2999,0,436.8843475202251,80,4434,60,724.5113383611287,-4587,-1415938,14:19:30.000
8258,3277916,191,756,262,6950,487,7117,1141,0,396.9382417050133,66,4434,60,705.8684945641372,-5957,-2932395,14:20:15.000
4165,1078740,144,452,138,3442,222,3567,598,0,259.0012004801921,66,4410,60,475.80912598256884,-4093,-2199176,14:21:00.000
13100,4525009,221,1486,709,9126,503,9509,3591,0,345.420534351145,88,5538,60,586.0077401122513,8935,3446269,14:21:45.000
8232,2365225,184,844,333,6291,404,6518,1714,0,287.3208211856171,74,4990,60,519.820331302724,-4868,-2159784,14:22:30.000
4617,863374,170,521,170,3631,290,3771,846,0,186.99891704570067,66,4815,60,363.4272672759307,-3615,-1501851,14:23:15.000
5098,1327412,135,588,215,3781,253,3943,1155,0,260.3789721459396,76,4410,60,476.310507807822,481,464038,14:24:00.000
14844,6634186,192,1338,877,11531,572,12110,2734,0,446.92710859606575,85,4434,60,693.0787538678702,9746,5306774,14:24:45.000
11669,4058597,191,1232,376,8560,503,8847,2822,0,347.81018082097864,80,4635,60,574.2275435686145,-3175,-2575589,14:25:30.000
5336,1216481,155,521,163,4432,223,4545,791,0,227.97619940029986,66,3171,60,428.5948253987321,-6333,-2842116,14:26:15.000
6062,3220559,130,467,119,5178,309,5303,759,0,531.2700428901353,88,4410,60,706.4834348878975,726,2004078,14:27:00.000
2769,2678687,34,82,32,2661,29,2685,84,0,967.3842542434091,1514,4410,60,794.8630185036362,-3293,-541872,14:27:45.000
9608,9776334,82,305,118,8986,55,9068,540,0,1017.5201915070775,1514,4434,60,910.4267422740438,0,0,14:28:30.000
56560,38217164,386,3663,1998,45502,1125,46615,9945,0,675.6924328147101,108,11734,60,900.5489987662389,46952,28440830,14:29:15.000
41574,21859096,382,3039,1423,33166,1101,33994,7578,0,525.78765574638,89,16114,60,790.1272178781543,-14986,-16358068,14:30:00.000
16158,7095023,302,1287,462,13725,632,14090,2068,0,439.10279737591287,70,5701,60,666.6846891170527,-25416,-14764073,14:30:45.000
14112,5875325,221,1533,645,10095,434,10441,3667,0,416.3353883219955,82,5538,60,697.3082081956717,-2046,-1219698,14:31:30.000
6597,1853337,182,662,97,5646,506,5710,887,0,280.9363346975898,66,4434,60,569.4356368895101,-7515,-4021988,14:32:15.000
8040,2956206,172,803,389,6291,239,6502,1538,0,367.6873134328358,75,4989,60,613.6974948314981,1443,1102869,14:33:00.000
27824,15644633,261,2293,1113,20676,670,21366,6458,0,562.2711687751581,92,4989,60,831.617151620014,19784,12688427,14:33:45.000
23690,15114119,289,1236,715,21144,594,21612,2078,0,637.9957365977206,87,5337,60,862.1625924253882,-4134,-530514,14:34:30.000
15881,8480610,277,1217,352,13411,516,13609,2272,0,534.0098230590013,74,5152,60,827.2372580127445,-7809,-6633509,14:35:15.000
11922,4755631,236,1133,440,9347,607,9690,2228,0,398.895403455796,74,5894,60,668.7200733751059,-3959,-3724979,14:36:00.000
8665,5125796,146,565,267,7586,290,7729,936,0,591.5517599538373,78,4987,60,862.3636011658596,-3257,370165,14:36:45.000
12893,6918499,192,937,509,10837,327,11142,1751,0,536.6089350810518,78,4727,60,793.4845627719365,4228,1792703,14:37:30.000
5629,2354210,136,409,158,5071,288,5177,452,0,418.22881506484276,66,4753,60,692.3858257435577,-7264,-4564289,14:38:15.000
8371,4860878,119,541,236,7147,306,7288,1083,0,580.6806833114323,87,5858,60,719.4637611635571,2742,2506668,14:39:00.000
13540,7568361,135,1029,630,10854,399,11181,2359,0,558.9631462333825,90,4989,60,737.1604900430734,5169,2707483,14:39:45.000
5344,2366124,109,341,96,4984,213,5048,296,0,442.7627245508982,66,5538,60,794.2185682759908,-8196,-5202237,14:40:30.000
4827,2490098,96,329,92,4329,183,4376,451,0,515.8686554795939,66,5538,60,857.087460050564,-517,123974,14:41:15.000
15553,6685245,184,1576,749,10905,531,11314,4239,0,429.83636597441006,86,4930,60,702.1094349332029,10726,4195147,14:42:00.000
9163,4702004,161,834,298,7243,240,7405,1758,0,513.1511513696388,75,4434,60,810.13343226283,-6390,-1983241,14:42:45.000
11841,3441050,217,1472,822,7706,522,8097,3744,0,290.60467865889706,80,5894,60,539.0964653421674,2678,-1260954,14:43:30.000
10871,3715872,192,1369,743,6981,474,7357,3514,0,341.8151044062184,83,5894,60,606.7553188550106,-970,274822,14:44:15.000
5631,1852146,177,600,265,4559,302,4746,885,0,328.9195524773575,66,19682,60,659.9978116985448,0,0,14:45:00.000
8562,3260664,209,707,364,7355,508,7601,961,0,380.8297126839523,66,19682,60,711.6339422451138,2931,1408518,14:45:45.000
10952,5632463,220,863,553,9210,497,9495,1457,0,514.2862490869247,74,19682,60,843.4385792252546,2390,2371799,14:46:30.000
3079,324960,164,299,44,2896,246,2931,148,0,105.54075998700877,60,5858,60,213.57356339454037,-7873,-5307503,14:47:15.000
8504,5080483,150,566,200,7304,325,7414,1086,0,597.4227422389464,86,4434,60,854.1647943533625,5425,4755523,14:48:00.000
14175,6263259,221,1305,782,10577,501,10983,3192,0,441.85248677248677,88,10869,60,678.6827654014148,5671,1182776,14:48:45.000
5283,1294088,160,442,145,4604,234,4684,599,0,244.9532462615938,66,10869,60,476.8408098625435,-8892,-4969171,14:49:30.000
10759,4030297,200,973,551,8429,452,8709,2050,0,374.59773213123896,80,5988,60,690.6562135364256,5476,2736209,14:50:15.000
6028,1451880,186,753,354,4402,454,4586,1442,0,240.85600530856004,66,5988,60,526.1072869743745,-4731,-2578417,14:51:00.000
5475,2943434,127,390,158,4843,178,4927,548,0,537.6135159817352,78,5595,60,800.0741621104088,-553,1491554,14:51:45.000
8574,3810931,155,710,419,7139,347,7446,1128,0,444.4752740844413,77,5685,60,751.5115756054594,3099,867497,14:52:30.000
19842,17279345,162,663,366,18592,296,18782,1060,0,870.8469408325774,175,7354,60,1014.0171203181994,11268,13468414,14:53:15.000
41773,34993498,312,1952,1238,37027,771,37657,4116,0,837.7061259665334,122,10274,60,1036.6490626136983,21931,17714153,14:54:00.000
20754,10109747,300,1752,957,16372,559,16859,3895,0,487.12281969740775,81,5771,60,749.9053301830272,-21019,-24883751,14:54:45.000
12239,4506502,252,994,371,10171,520,10431,1808,0,368.2083503554212,66,4284,60,595.2899070450823,-8515,-5603245,14:55:30.000
5942,1347310,214,613,229,5166,407,5313,629,0,226.743520700101,66,4410,60,447.75711276377547,-6297,-3159192,14:56:15.000
8258,3671162,158,620,331,7149,360,7364,894,0,444.55824654880115,74,5538,60,695.074389498515,2316,2323852,14:57:00.000
11232,4859198,171,998,554,8817,340,9103,2129,0,432.62090455840456,86,4434,60,703.1492608231073,2974,1188036,14:57:45.000
12783,5340699,171,908,449,10646,506,10894,1889,0,417.7969960103262,77,4434,60,639.874509902132,1551,481501,14:58:30.000
8173,4005541,167,699,334,6943,274,7130,1043,0,490.0943350055059,72,4445,60,786.13963271018,-4610,-1335158,14:59:15.000
3390,662010,142,346,73,3024,230,3076,314,0,195.28318584070797,66,4260,60,463.1483704182895,-4783,-3343531,15:00:00.000
6641,2641848,142,469,246,5711,314,5843,798,0,397.80876374040054,72,4434,60,617.7684194557035,3251,1979838,15:00:45.000
19916,13142675,187,1028,611,17357,558,17676,2240,0,659.9053524804177,93,5894,60,869.2447807624569,13275,10500827,15:01:30.000
13593,6002017,236,1195,683,10627,417,10990,2603,0,441.5520488486721,85,4434,60,730.9732787103417,-6323,-7140658,15:02:15.000
4630,709395,171,586,209,3512,334,3627,999,0,153.2170626349892,66,5538,60,318.89055139552056,-8963,-5292622,15:03:00.000
5991,2665715,156,510,239,5065,245,5188,803,0,444.9532632281756,74,5574,60,772.3209602560134,1361,1956320,15:03:45.000
16274,11374094,161,1009,607,13670,313,13988,2286,0,698.9120068821433,105,19034,60,1004.7652464953997,10283,8708379,15:04:30.000
23772,10445199,282,2241,1202,17294,821,17911,5861,0,439.39083796062596,86,5894,60,734.9429741391978,7498,-928895,15:05:15.000
2863,448009,169,486,32,1969,60,1985,878,0,156.48236115962277,66,2974,60,264.8947206232246,-20909,-9997190,15:06:00.000
5731,3209835,193,594,124,4687,232,4771,960,0,560.0828825684872,85,5538,60,891.3655904756002,0,0,15:06:45.000
4100,660637,151,570,54,2836,285,2900,1200,0,161.1309756097561,66,3141,60,264.6206639176566,-1631,-2549198,15:07:30.000
2631,537323,110,282,72,2249,192,2287,344,0,204.22767008741923,66,4610,60,355.4532487126525,-1469,-123314,15:08:15.000
5826,2068671,115,576,284,4429,268,4620,1206,0,355.0756951596293,86,5658,60,627.8760665091698,3195,1531348,15:09:00.000
4242,1707320,71,517,122,2600,78,2663,1579,0,402.4799622819425,93,4434,60,683.0955225149522,-1584,-361351,15:09:45.000
15552,9339117,99,1037,456,12498,240,12740,2812,0,600.5090663580247,108,4787,60,758.7749825855333,11310,7631797,15:10:30.000
21451,16222814,149,997,540,18838,325,19123,2328,0,756.2730875017481,106,8754,60,938.9716074802118,5899,6883697,15:11:15.000
5964,3192499,125,364,66,5563,229,5602,362,0,535.2949362843729,66,5574,60,873.9748763790473,-15487,-13030315,15:12:00.000
10074,4371609,163,999,460,7416,550,7718,2356,0,433.94967242406193,77,4434,60,767.9002626186193,4110,1179110,15:12:45.000
8886,3474013,167,812,444,7198,475,7546,1340,0,390.9535223947783,74,4410,60,666.3815323001141,-1188,-897596,15:13:30.000
5158,1729413,139,443,198,4557,274,4690,468,0,335.28751454051957,66,4434,60,613.5282030008684,-3728,-1744600,15:14:15.000
2858,384328,113,284,88,2563,280,2610,248,0,134.47445766270118,66,3126,60,229.2715490187054,-2300,-1345085,15:15:00.000
14861,10250824,192,858,653,12911,300,13282,1579,0,689.7802301325618,97,5894,60,874.3767437492885,12003,9866496,15:15:45.000
17274,10556941,220,1001,502,15078,528,15382,1892,0,611.1462892207943,78,11094,60,847.8247718560373,2413,306117,15:16:30.000
12007,4937521,228,1081,601,9751,634,10081,1926,0,411.2202048804864,66,11094,60,717.0053777574033,-5267,-5619420,15:17:15.000
6094,1425278,188,670,311,5110,621,5291,803,0,233.8821791926485,66,4434,60,472.8090412268115,-5913,-3512243,15:18:00.000
1906,289653,111,224,67,1705,208,1782,124,0,151.96904512067155,66,3462,60,333.6435641489891,-4188,-1135625,15:18:45.000
4423,1474941,94,448,185,3158,217,3268,1151,0,333.47072122993444,85,5685,60,619.9838328244385,2517,1185288,15:19:30.000
1884,350079,63,152,90,1607,108,1661,223,0,185.81687898089172,66,4894,60,363.8989455622858,-2539,-1124862,15:20:15.000
1185,208879,48,131,66,883,60,937,248,0,176.26919831223628,66,4894,60,328.11371282670814,-699,-141200,15:21:00.000
15224,10436416,139,1053,519,12128,284,12402,2822,0,685.5239096163951,109,5137,60,895.0488886596507,14039,10227537,15:21:45.000
14139,8027907,187,1209,598,10999,379,11311,2828,0,567.7846382346701,89,5574,60,828.137893183769,-1085,-2408509,15:22:30.000
5358,2884486,153,324,40,5141,293,5188,170,0,538.351250466592,66,5574,60,877.2788073429673,-8781,-5143421,15:23:15.000
2235,308690,108,238,38,2042,187,2084,151,0,138.11633109619686,66,4316,60,279.43871495485666,-3123,-2575796,15:24:00.000
7339,5858368,75,259,168,6871,250,7004,335,0,798.2515329063905,104,4410,60,1006.4956948850382,5104,5549678,15:24:45.000
11178,5513188,108,879,683,8947,588,9301,1877,0,493.2177491501163,88,5894,60,779.7184658746814,3839,-345180,15:25:30.000
7731,3424438,112,633,364,6090,324,6342,1389,0,442.9489069978011,85,4434,60,713.2104657037686,-3447,-2088750,15:26:15.000
6418,3398144,118,538,262,5261,145,5421,997,0,529.4708631972577,86,4434,60,715.3868865752663,-1313,-26294,15:27:00.000
5182,2230332,100,452,203,4185,207,4315,863,0,430.3998456194519,74,5538,60,638.1145860400078,-1236,-1167812,15:27:45.000
2341,371194,85,242,75,1949,223,2002,335,0,158.56215292609997,66,2974,60,305.6998875954079,-2841,-1859138,15:28:30.000
15323,13348954,132,616,428,13964,288,14202,1121,0,871.1710500554722,192,7306,60,1025.738625720963,12982,12977760,15:29:15.000
13808,7440267,123,853,467,11610,268,11873,1935,0,538.8374130938587,92,4434,60,723.8613572251194,-1515,-5908687,15:30:00.000
6481,3595226,110,393,188,5871,149,5971,510,0,554.7332201820707,66,4434,60,846.428897776123,-7327,-3845041,15:30:45.000
5400,1666106,125,480,228,4558,374,4758,642,0,308.53814814814814,66,4444,60,609.2330263508081,-1081,-1929120,15:31:30.000
6150,4701752,105,316,115,5659,148,5756,394,0,764.5125203252032,111,4410,60,843.6082420788582,750,3035646,15:32:15.000
24862,17472197,230,1419,828,21035,398,21666,3196,0,702.7671546939104,111,5538,60,883.1133608267821,18712,12770445,15:33:00.000
1903,566938,149,324,65,1668,44,1709,194,0,297.9180241723594,66,4320,60,512.8533900549899,-22959,-16905259,15:33:45.000
6851,3140339,174,545,197,6029,222,6163,686,0,458.37673332360237,66,4434,60,784.0066168233176,0,0,15:34:30.000
14880,7402322,192,1018,496,12586,516,12940,1934,0,497.467876344086,78,5574,60,781.4315377316306,8029,4261983,15:35:15.000
13131,7000543,200,979,449,11080,468,11375,1752,0,533.1309877389384,78,5894,60,803.7379178080578,-1749,-401779,15:36:00.000
6975,3845349,133,412,82,6545,302,6609,366,0,551.3045161290322,66,5574,60,810.5097394454294,-6156,-3155194,15:36:45.000
4313,2271446,109,236,41,4069,174,4107,206,0,526.6510549501508,66,5574,60,793.4689199504857,-2662,-1573903,15:37:30.000
4178,2584523,89,251,68,3827,219,3886,292,0,618.6029200574437,86,5574,60,837.0811874433444,-135,313077,15:38:15.000
1382,277309,48,119,70,1192,84,1244,138,0,200.65774240231548,74,3126,60,370.29949265898074,-2796,-2307214,15:39:00.000
12188,8323935,110,753,456,10144,265,10381,1807,0,682.961519527404,101,4515,60,908.9905974295013,10806,8046626,15:39:45.000
18353,10472628,165,1357,739,14796,396,15231,3122,0,570.6221326213698,89,4458,60,772.5698605456219,6165,2148693,15:40:30.000
21460,11069799,230,1444,686,18452,754,18919,2541,0,515.8340633737185,74,5538,60,729.2511721250928,3107,597171,15:41:15.000
18547,7848784,239,1524,708,15123,896,15692,2855,0,423.1834798080552,74,5574,60,664.4096455478758,-2913,-3221015,15:42:00.000
4208,432185,163,405,48,3788,367,3920,288,0,102.7055608365019,66,3266,60,164.71203425260387,-14339,-7416599,15:42:45.000
9613,3714044,153,884,428,7562,352,7856,1757,0,386.35639238531155,74,5060,60,649.4087410812886,5405,3281859,15:43:30.000
16675,7975047,196,1388,734,13402,493,13848,2827,0,478.263688155922,78,5060,60,728.6294861379872,7062,4261003,15:44:15.000
9096,3122543,171,704,279,7976,351,8156,940,0,343.28748900615653,66,5043,60,612.8114162839006,-7579,-4852504,15:45:00.000
4694,567472,150,479,83,4128,660,4290,404,0,120.89305496378356,66,3126,60,230.03096451203828,-4402,-2555071,15:45:45.000
3545,1142577,119,403,163,2728,279,2908,637,0,322.3066290550071,84,4410,60,580.757480583474,-1149,575105,15:46:30.000
18611,15703131,143,893,578,16248,349,16625,1986,0,843.755359733491,138,8506,60,1045.2400902833676,15066,14560554,15:47:15.000
3870,2650241,110,269,84,3483,121,3540,330,0,684.816795865633,72,5685,60,1051.9117299587467,-14741,-13052890,15:48:00.000
12229,12042013,113,391,223,11521,221,11632,597,0,984.709542889852,180,4410,60,1117.3506553733787,8359,9391772,15:48:45.000
18148,14291503,182,988,667,15743,479,16100,2048,0,787.4974101829403,112,4434,60,1015.5092045397928,5919,2249490,15:49:30.000
28193,17691252,202,1603,1162,23751,815,24373,3816,0,627.505125385734,91,4739,60,894.7331073360544,10045,3399749,15:50:15.000
15984,11701918,138,770,316,14115,359,14273,1707,0,732.101976976977,85,4434,60,982.5753859757223,-12209,-5989334,15:51:00.000
14807,10889869,132,647,327,13467,340,13642,1165,0,735.4541095427838,125,4434,60,804.7100465197682,-1177,-812049,15:51:45.000
10068,5203052,178,822,482,8337,436,8617,1451,0,516.7910210568136,76,4434,60,828.4739526486426,-4739,-5686817,15:52:30.000
8147,2472701,214,898,402,6371,432,6597,1550,0,303.5106174051798,66,4434,60,562.1212727272202,-1921,-2730351,15:53:15.000
5939,2542232,164,404,122,5444,333,5550,389,0,428.0572486950665,66,4410,60,770.3088588956807,-2208,69531,15:54:00.000
11189,5434425,187,869,529,9274,525,9586,1603,0,485.69353829654125,86,4640,60,715.4422643242776,5250,2892193,15:54:45.000
4881,2826785,121,374,159,4222,230,4319,562,0,579.1405449702929,85,4640,60,730.265279135974,-6308,-2607640,15:55:30.000
2062,1402818,91,194,28,1800,52,1816,246,0,680.3191076624636,89,4410,60,1031.5324055965957,0,0,15:56:15.000
7642,5360997,127,466,253,6700,192,6846,796,0,701.5175346767862,105,4410,60,934.3732284467509,5580,3958179,15:57:00.000
6881,3291775,124,585,353,5581,381,5812,1069,0,478.3861357360849,82,4410,60,776.1952648893588,-761,-2069222,15:57:45.000
23618,13960172,290,1740,1095,19008,460,19610,4008,0,591.0818866965874,92,5851,60,859.0751800791927,16737,10668397,15:58:30.000
15177,5991737,271,1228,709,12568,601,12935,2242,0,394.79060420372934,66,5851,60,715.5477741936977,-8441,-7968435,15:59:15.000
9055,2966672,248,714,346,8224,510,8433,622,0,327.6280508006626,66,4434,60,657.1150668444319,-6122,-3025065,16:00:00.000
3531,368492,176,392,42,3289,479,3358,173,0,104.35910506938545,66,5538,60,219.1187756715948,-5524,-2598180,16:00:45.000
17374,8226781,217,1269,862,14026,577,14526,2847,1,473.5110509957408,91,6803,60,734.3604766988988,13843,7858289,16:01:30.000
10977,5766165,198,711,251,9675,371,9808,1169,0,525.2951626127357,76,5574,60,837.9926862201706,-6397,-2460616,16:02:15.000
20734,13746175,265,1412,851,17654,526,18134,2600,0,662.9774766084691,77,5574,60,971.1653816615235,9757,7980010,16:03:00.000
14151,7578270,254,822,428,12860,457,13093,1058,0,535.5289378842484,66,4410,60,737.0256481382994,-6583,-6167905,16:03:45.000
16198,6931094,297,1295,760,13475,765,14024,2174,0,427.89813557229286,74,7935,60,720.5594248886323,2047,-647176,16:04:30.000
15359,5392078,295,1339,730,12594,924,13188,2171,0,351.0696008854743,66,9782,60,622.8106672140393,-839,-1539016,16:05:15.000
10433,4242999,249,973,412,8620,533,8991,1442,0,406.69021374484805,66,7306,60,721.9235287773057,-4926,-1149079,16:06:00.000
6504,2756810,179,553,156,5555,379,5718,782,0,423.86377613776136,66,5820,60,742.4906267196613,-3929,-1486189,16:06:45.000
13441,6952720,197,1057,681,10985,569,11373,2064,0,517.2769883193215,85,5618,60,803.9873659021958,6937,4195910,16:07:30.000
4678,1086111,177,471,94,4211,498,4307,371,0,232.17421975203078,66,5618,60,551.4885672483756,-8763,-5866609,16:08:15.000
14769,11954997,159,612,324,13524,296,13765,1004,0,809.4655697745277,144,5618,60,910.2284336312773,10091,10868886,16:09:00.000
9619,6372638,131,537,256,8529,311,8665,954,0,662.5052500259902,92,8394,60,840.676200762241,-5150,-5582359,16:09:45.000
9734,6639575,143,687,322,8209,243,8376,1358,0,682.1013971645777,85,8394,60,1020.3065141792188,115,266937,16:10:30.000
14205,9007621,208,912,595,12402,335,12799,1406,0,634.1162266807462,97,5858,60,830.2263172028032,4471,2368046,16:11:15.000
7651,2876094,171,685,312,6313,302,6550,1101,0,375.91086132531694,66,5618,60,648.5082288706537,-6554,-6131527,16:12:00.000
19606,14916699,183,789,467,18036,358,18291,1315,0,760.8231663776395,100,5538,60,952.257752122515,11955,12040605,16:12:45.000
17078,10428673,180,1059,666,14580,715,15006,2072,0,610.6495491275325,87,5574,60,905.4888611875566,-2528,-4488026,16:13:30.000
6691,2823530,128,588,316,5513,302,5712,979,0,421.98923927664026,74,8514,60,750.0460402572897,-10387,-7605143,16:14:15.000
12292,7470157,191,1093,674,9770,199,10142,2150,0,607.7251057598438,100,6087,60,840.0485874046697,5601,4646627,16:15:00.000
4073,1107630,196,543,170,3473,573,3627,446,0,271.9445126442426,66,8533,60,608.9192858261908,0,0,16:15:45.000
3288,1031099,116,287,130,2945,234,3027,261,0,313.59458637469584,66,8533,60,706.0526628431858,-785,-76531,16:16:30.000
7864,6483921,103,256,134,7455,203,7541,323,0,824.5067395727365,100,4455,60,1057.4840342343712,4576,5452822,16:17:15.000
11728,8151881,124,544,386,10394,291,10612,1116,0,695.0785300136425,100,5894,60,964.8200157258084,3864,1667960,16:18:00.000
58930,64893315,123,753,537,56943,307,57244,1686,0,1101.1931953164772,106,4727,60,1243.5216433333871,47202,56741434,16:18:45.000
64835,76576808,107,381,177,64084,137,64186,649,0,1181.102922804041,118,4727,60,1282.3422844774739,5905,11683493,16:19:30.000
21525,22595052,117,383,177,20869,163,20966,559,0,1049.712055749129,66,5894,60,1249.0355542248944,-43310,-53981756,16:20:15.000
5733,3764942,108,324,146,5193,207,5299,434,0,656.7141112855398,85,5574,60,832.8971765383726,-15792,-18830110,16:21:00.000
7750,4439685,126,557,318,6491,352,6681,1069,0,572.8625806451613,84,5574,60,782.0619921512049,2017,674743,16:21:45.000
4227,2075889,81,343,203,3513,161,3631,592,0,491.10220014194465,75,4918,60,762.5157411258879,-3523,-2363796,16:22:30.000
3860,1958229,68,234,168,3448,170,3542,318,0,507.31321243523314,74,5181,60,773.7710664640822,-367,-117660,16:23:15.000
1830,392423,50,165,86,1494,96,1540,290,0,214.43879781420765,74,3484,60,393.97891308953325,-2030,-1565806,16:24:00.000
13484,8177529,149,1064,587,10225,296,10534,2950,0,606.4616582616434,93,5894,60,840.7536838076275,11654,7785106,16:24:45.000
9370,4465546,143,889,442,6682,312,6904,2466,0,476.5790821771611,79,5894,60,819.4357640397002,-4114,-3711983,16:25:30.000
4829,1164421,144,498,254,3753,224,3893,936,0,241.13087595775522,66,4434,60,473.48878376022566,-4541,-3301125,16:26:15.000
9180,3061266,147,966,519,6412,445,6684,2494,0,333.47124183006537,78,4590,60,618.8236293559222,4351,1896845,16:27:00.000
3909,1611025,92,273,132,3476,150,3556,353,0,412.13225888974165,66,4730,60,766.0049905795628,-5271,-1450241,16:27:45.000
1655,176133,81,154,54,1532,179,1576,79,0,106.42477341389728,66,1514,60,168.2023676586526,-2254,-1434892,16:28:30.000
8951,7088658,87,395,246,8082,244,8244,707,0,791.9403418612445,112,8754,60,957.9235764857057,7296,6912525,16:29:15.000
8176,5994037,92,413,236,7344,173,7510,666,0,733.1258561643835,104,4434,60,931.5792354935005,-775,-1094621,16:30:00.000
10124,5131828,144,828,473,8091,298,8430,1694,0,506.8972738048202,84,4434,60,770.9605812332926,1948,-862209,16:30:45.000
9534,5079385,166,718,364,7793,278,7987,1547,0,532.7653660583176,86,5894,60,823.0826191307922,-590,-52443,16:31:30.000
12532,7132152,158,860,467,10135,321,10399,2133,0,569.1152250239387,92,5894,60,815.1031314349971,2998,2052767,16:32:15.000
6925,3515637,140,517,265,5848,248,6018,905,0,507.6732129963899,80,5574,60,757.2967242694905,-5607,-3616515,16:33:00.000
19044,11503162,239,1244,899,16184,524,16712,2332,0,604.0307708464609,80,5858,60,830.1615727184663,12119,7987525,16:33:45.000
14106,7246682,249,1020,476,12342,595,12669,1437,0,513.7304693038424,71,5538,60,815.7828738324638,-4938,-4256480,16:34:30.000
5791,1777026,207,518,106,5342,421,5443,348,0,306.85995510274563,66,4434,60,638.8352774613847,-8315,-5469656,16:35:15.000
6515,3410461,161,548,208,5742,421,5877,638,0,523.4782808902532,66,4434,60,852.5353804571267,724,1633435,16:36:00.000
2850,2010081,77,273,110,2408,49,2472,378,0,705.2915789473684,97,4410,60,964.9238033180528,-3665,-1400380,16:36:45.000
10608,7123961,126,609,359,9351,276,9608,1000,0,671.5649509803922,89,4507,60,960.5819964938265,0,0,16:37:30.000
7519,4393840,118,461,196,6657,238,6782,737,0,584.364942146562,72,4434,60,854.8883981204372,-3089,-2730121,16:38:15.000
15930,7976931,182,1335,725,12130,412,12564,3362,0,500.74896421845574,92,4434,60,743.7195783650343,8411,3583091,16:39:00.000
17976,8581717,177,1405,799,13613,530,14038,3938,0,477.39858700489543,88,5429,60,725.4803915831867,2046,604786,16:39:45.000
8485,3889531,162,701,210,7085,315,7215,1270,0,458.4008249852681,74,4434,60,719.7214302485662,-9491,-4692186,16:40:30.000
6378,1869149,148,624,188,4916,275,5023,1355,0,293.0619316400125,73,5894,60,548.0233325243286,-2107,-2020382,16:41:15.000
11479,4843784,177,1156,519,8395,488,8674,2805,0,421.96916107674883,86,5894,60,706.1929225510623,5101,2974635,16:42:00.000
10279,5253942,187,792,322,8586,470,8800,1479,0,511.1335733047962,80,5894,60,758.4672349631643,-1200,410158,16:42:45.000
16196,7165192,233,1392,709,12330,586,12746,3450,0,442.40503828105705,84,4939,60,675.4156065710722,5917,1911250,16:43:30.000
10347,4198000,187,852,393,8370,413,8603,1744,0,405.7214651589833,77,5894,60,672.3490546627843,-5849,-2967192,16:44:15.000
7100,2338682,191,764,282,5293,336,5473,1623,4,329.3918309859155,76,4434,60,599.2256949687111,-3247,-1859318,16:45:00.000
7854,2100564,171,857,400,5615,348,5822,2032,0,267.4514896867838,82,5574,60,480.85001462992085,754,-238118,16:45:45.000
27798,14026811,319,2066,1278,22351,927,23064,4734,0,504.59784876609825,87,4786,60,763.7886079781662,19944,11926247,16:46:30.000
10111,3700548,219,796,311,8788,514,8964,1147,0,365.9922856295124,66,5894,60,715.851501851338,-17687,-10326263,16:47:15.000
6979,1595472,203,714,241,5464,406,5608,1371,0,228.61040263648087,66,3160,60,415.8108459963421,-3132,-2105076,16:48:00.000
2456,289455,145,310,76,2136,274,2192,264,0,117.85627035830619,66,5685,60,231.96579751065659,-4523,-1306017,16:48:45.000
4710,1102762,133,494,264,3559,316,3752,958,0,234.132059447983,76,5894,60,447.1588141428222,2254,813307,16:49:30.000
8219,4050044,164,765,464,6362,204,6609,1610,0,492.7660299306485,85,5858,60,798.8314892863177,3509,2947282,16:50:15.000
16030,8440615,189,1110,740,13277,436,13682,2348,0,526.5511540860886,83,5858,60,783.4169138988088,7811,4390571,16:51:00.000
7856,2722429,162,727,168,6299,228,6402,1454,0,346.54136965376784,75,4410,60,608.2928654038226,-8174,-5718186,16:51:45.000
8380,2487711,176,776,353,6500,354,6755,1625,0,296.8628878281623,81,5723,60,521.4927364400085,524,-234718,16:52:30.000
13633,5521523,190,1208,650,10057,501,10397,3236,0,405.01158952541624,88,5723,60,639.62528400363,5253,3033812,16:53:15.000
9778,4556867,164,854,351,7573,356,7796,1978,0,466.03262425853956,85,5894,60,744.9859353252114,-3855,-964656,16:54:00.000
19918,11036100,216,1405,746,16089,494,16481,3437,0,554.0767145295713,86,5894,60,810.1627787204026,10140,6479233,16:54:45.000
15936,7798143,212,1148,536,13128,535,13410,2526,0,489.34130271084337,74,4550,60,727.4362997518216,-3982,-3237957,16:55:30.000
4728,804895,155,460,145,4069,391,4161,567,0,170.2400592216582,66,4434,60,361.59977681110803,-11208,-6993248,16:56:15.000
7960,3362073,130,778,261,5860,232,6000,1960,0,422.3709798994975,88,4434,60,654.1058377064358,3232,2557178,16:57:00.000
4610,2284409,105,320,144,4062,174,4141,469,0,495.5334056399132,76,8274,60,742.6026634044414,-3350,-1077664,16:57:45.000
3339,823157,95,309,118,2654,152,2727,612,0,246.52800239592693,74,5574,60,467.6901778585241,-1271,-1461252,16:58:30.000
2843,1459605,83,239,105,2455,100,2526,317,0,513.4030953218431,70,4434,60,836.919018522175,-496,636448,16:59:15.000
12647,6376207,152,1098,545,9218,425,9513,3134,0,504.16754961650986,92,4760,60,754.5875689030316,9804,4916602,17:00:00.000